{"__symbolic":"module","version":4,"metadata":{"NdiChartMakerModule":{"__symbolic":"class","decorators":[{"__symbolic":"call","expression":{"__symbolic":"reference","module":"@angular/core","name":"NgModule","line":12,"character":1},"arguments":[{"declarations":[{"__symbolic":"reference","name":"ɵa"},{"__symbolic":"reference","name":"ɵc"},{"__symbolic":"reference","name":"NdiChartComponent"},{"__symbolic":"reference","name":"ɵd"},{"__symbolic":"reference","name":"ɵb"},{"__symbolic":"reference","name":"ɵe"},{"__symbolic":"reference","name":"ɵf"},{"__symbolic":"reference","name":"ɵg"}],"imports":[{"__symbolic":"reference","module":"@angular/common","name":"CommonModule","line":23,"character":12}],"exports":[{"__symbolic":"reference","name":"NdiChartComponent"}]}]}],"members":{}},"NdiChartComponent":{"__symbolic":"class","decorators":[{"__symbolic":"call","expression":{"__symbolic":"reference","module":"@angular/core","name":"Component","line":8,"character":1},"arguments":[{"selector":"ndi-chart","encapsulation":{"__symbolic":"select","expression":{"__symbolic":"reference","module":"@angular/core","name":"ViewEncapsulation","line":12,"character":17},"member":"None"},"template":"<div class=\"ndi-chart-wrapper\">\r\n    <ndi-bar-chart *ngIf=\"type==='bar'\" [data]=\"data\"></ndi-bar-chart>\r\n    <ndi-line-chart *ngIf=\"type==='line'\" [data]=\"data\"></ndi-line-chart>\r\n    <ndi-combined-bar-line-chart *ngIf=\"type==='combined'\" [data]=\"data\"></ndi-combined-bar-line-chart>\r\n    <ndi-waterfall-chart *ngIf=\"type==='waterfall'\" [data]=\"data\"></ndi-waterfall-chart> \r\n    <ndi-stacked-bar-chart *ngIf=\"type==='stacked'\" [data]=\"data\"></ndi-stacked-bar-chart>\r\n    <ndi-dual-axes-bar-line-chart *ngIf=\"type==='dual-axes-bar-line'\" [data]=\"data\"></ndi-dual-axes-bar-line-chart>\r\n</div>","styles":["@font-face{font-family:Nissan Brand Regular;src:url(../../assets/fonts/NissanBrandRegular.eot);src:url(../../assets/fonts/NissanBrandRegular.woff)}@font-face{font-family:Nissan Brand Light;src:url(../../assets/fonts/NissanBrandLight.eot);src:url(../../assets/fonts/NissanBrandLight.woff)}@font-face{font-family:Nissan Brand Bold;src:url(../../assets/fonts/NissanBrandBold.eot);src:url(../../assets/fonts/NissanBrandBold.woff)}@font-face{font-family:Nissan Brand Italic;src:url(../../assets/fonts/NissanBrandItalic.eot);src:url(../../assets/fonts/NissanBrandItalic.woff)}@media screen and (-webkit-min-device-pixel-ratio:0){@font-face{font-family:Nissan Brand Bold;src:url(../../assets/fonts/NissanBrandBold.otf) format(\"opentype\");src:url(../../assets/fonts/NissanBrandBold.ttf) format(\"truetype\")}@font-face{font-family:Nissan Brand Italic;src:url(../../assets/fonts/NissanBrandItalic.otf) format(\"opentype\");src:url(../../assets/fonts/NissanBrandItalic.ttf) format(\"truetype\")}@font-face{font-family:Nissan Brand Light;src:url(../../assets/fonts/NissanBrandLight.otf) format(\"opentype\");src:url(../../assets/fonts/NissanBrandItalic.ttf) format(\"truetype\")}@font-face{font-family:Nissan Brand Regular;src:url(../../assets/fonts/NissanBrandRegular.otf) format(\"opentype\");src:url(../../assets/fonts/NissanBrandRegular.ttf) format(\"truetype\")}}ndi-chart{width:100%;height:100%}ndi-chart .ndi-chart-wrapper{height:100%;width:100%}.ndi-chart-wrapper div.chart-wrapper{width:100%;height:100%;background-color:#fff}.ndi-chart-wrapper svg{width:100%;height:100%}.ndi-chart-wrapper text{font-family:Nissan Brand Regular;font-size:.8rem;text-align:center;fill:#5f6a89}.ndi-chart-wrapper .tick text{fill:#435077}.ndi-chart-wrapper .grid path{stroke-width:0}.ndi-chart-wrapper .grid .tick line{stroke:#f1f2f3}.ndi-chart-wrapper text.title{font-family:Nissan Brand Bold;font-size:1.2rem;text-align:left;fill:#435077}.ndi-chart-wrapper text.label{font-family:Nissan Brand Bold;font-size:.8rem;text-align:center;fill:#435077}.ndi-chart-wrapper text.y-label-margin{margin-right:10px}.ndi-chart-wrapper .y-axis-path-tick path{stroke:transparent;opacity:0}.ndi-chart-wrapper .y-axis-path-tick g line{opacity:0;stroke:transparent}.ndi-chart-wrapper .legends{color:#5f6a89;font-family:Nissan Brand Regular;font-size:.8rem;text-align:right;text-anchor:end}.d3-tip{line-height:1;background:#212945;color:#fff;border-radius:5px;font-family:Nissan Brand Regular;font-size:1rem;text-align:left}.d3-tip .tool-tip-container{display:flex;flex-direction:column;justify-content:center;align-items:center}.d3-tip .tool-tip-container .heading{flex:1;width:100%;padding:8px 0;text-align:center;background:#303956;border-radius:5px;color:#959fbc;text-transform:uppercase}.d3-tip .tool-tip-container .content{flex:3;padding:5px 12px 12px;width:100%;display:flex;flex-direction:row;justify-content:center;align-items:center}.d3-tip .tool-tip-container .content .circle{width:10px;height:10px;border-radius:5px}.d3-tip .tool-tip-container .content .legend-value{margin:5px 10px}.d3-tip .tool-tip-container .content .value{margin:5px;font-weight:600;font-family:Nissan Brand Bold;font-size:1rem;text-align:left}.d3-tip:after{box-sizing:border-box;display:block;font-size:10px;width:100%;line-height:1;color:#212945;content:\"\\25BC\";position:absolute;text-align:center}.d3-tip.n:after{margin:-1px 0 0;top:100%;left:0}"]}]}],"members":{"type":[{"__symbolic":"property","decorators":[{"__symbolic":"call","expression":{"__symbolic":"reference","module":"@angular/core","name":"Input","line":16,"character":3}}]}],"data":[{"__symbolic":"property","decorators":[{"__symbolic":"call","expression":{"__symbolic":"reference","module":"@angular/core","name":"Input","line":17,"character":3}}]}],"__ctor__":[{"__symbolic":"constructor"}],"ngOnInit":[{"__symbolic":"method"}]}},"ɵa":{"__symbolic":"class","extends":{"__symbolic":"reference","name":"ɵb"},"decorators":[{"__symbolic":"call","expression":{"__symbolic":"reference","module":"@angular/core","name":"Component","line":4,"character":1},"arguments":[{"selector":"ndi-bar-chart","template":"<div [id]=\"chartId\" #chartContainer class=\"chart-wrapper\"></div>","styles":[""]}]}],"members":{"__ctor__":[{"__symbolic":"constructor"}],"draw":[{"__symbolic":"method"}]}},"ɵb":{"__symbolic":"class","decorators":[{"__symbolic":"call","expression":{"__symbolic":"reference","module":"@angular/core","name":"Component","line":15,"character":1},"arguments":[{"selector":"ndi-common-chart","template":"","styles":[""]}]}],"members":{"chartContainer":[{"__symbolic":"property","decorators":[{"__symbolic":"call","expression":{"__symbolic":"reference","module":"@angular/core","name":"ViewChild","line":22,"character":3},"arguments":["chartContainer"]}]}],"data":[{"__symbolic":"property","decorators":[{"__symbolic":"call","expression":{"__symbolic":"reference","module":"@angular/core","name":"Input","line":23,"character":3}}]}],"__ctor__":[{"__symbolic":"constructor"}],"ngOnInit":[{"__symbolic":"method"}],"ngAfterViewInit":[{"__symbolic":"method"}],"createId":[{"__symbolic":"method"}],"ngOnChanges":[{"__symbolic":"method"}],"draw":[{"__symbolic":"method"}],"generateChart":[{"__symbolic":"method"}],"setPaddings":[{"__symbolic":"method"}],"setNoOfYAxisTick":[{"__symbolic":"method"}],"clearChart":[{"__symbolic":"method"}],"getMinMaxValueAndCount":[{"__symbolic":"method"}],"calculateScaleMinMax":[{"__symbolic":"method"}],"calculateCeil":[{"__symbolic":"method"}],"setMargin":[{"__symbolic":"method"}],"setSideMargin":[{"__symbolic":"method"}],"setHeight":[{"__symbolic":"method"}],"drawChart":[{"__symbolic":"method"}],"colorsForLegends":[{"__symbolic":"method"}],"drawHorizontalGridLines":[{"__symbolic":"method"}],"drawVerticalGridLines":[{"__symbolic":"method"}],"removeYAxisLine":[{"__symbolic":"method"}],"removeXAxisLine":[{"__symbolic":"method"}],"drawYLeftAxis":[{"__symbolic":"method"}],"drawYRightAxis":[{"__symbolic":"method"}],"getTickConfig":[{"__symbolic":"method"}],"drawXBottomAxis":[{"__symbolic":"method"}],"xScaleIndividualSetDomainAndRange":[{"__symbolic":"method"}],"forVerticalGridLines":[{"__symbolic":"method"}],"forHorizontalGridLines":[{"__symbolic":"method"}],"createYScale":[{"__symbolic":"method"}],"createYScaleSecondary":[{"__symbolic":"method"}],"createIndividualXScale":[{"__symbolic":"method"}],"GroupWrapperAndTranslate":[{"__symbolic":"method"}],"selectIdAndApppendSVG":[{"__symbolic":"method"}],"createGroupXAxis":[{"__symbolic":"method"}],"createLegend":[{"__symbolic":"method"}],"updateSVG":[{"__symbolic":"method"}],"barUpdate":[{"__symbolic":"method"}],"lineUpdate":[{"__symbolic":"method"}],"addMainTitle":[{"__symbolic":"method"}],"addXAxisTitle":[{"__symbolic":"method"}],"addYLeftAxisTitle":[{"__symbolic":"method"}],"addYRightAxisTitle":[{"__symbolic":"method"}],"convertDataInGroup":[{"__symbolic":"method"}],"getKeys":[{"__symbolic":"method"}],"getKeysAndTypeMap":[{"__symbolic":"method"}],"getKeysOfBarType":[{"__symbolic":"method"}],"getKeysOfLineType":[{"__symbolic":"method"}],"addToolTip":[{"__symbolic":"method"}],"roundedRect":[{"__symbolic":"method"}],"getRoundCurve":[{"__symbolic":"method"}]}},"ɵc":{"__symbolic":"class","decorators":[{"__symbolic":"call","expression":{"__symbolic":"reference","module":"@angular/core","name":"Component","line":10,"character":1},"arguments":[{"selector":"ndi-line-chart","encapsulation":{"__symbolic":"select","expression":{"__symbolic":"reference","module":"@angular/core","name":"ViewEncapsulation","line":12,"character":17},"member":"None"},"template":"<div [id]=\"chartIdLine\" #chartContainerLine class=\"chart-wrapper\">","styles":["ndi-line-chart #chartContainerLine{height:100%;width:100%}ndi-line-chart #chartContainerLine .bar{fill:#4682b4}ndi-line-chart #chartContainerLine .bar:hover{fill:brown}ndi-line-chart #chartContainerLine .axis--x path{display:none}body{font-family:'Open Sans',sans-serif}div#chartContainerLine{text-align:center}div.chart-wrapper{width:100%;height:100%;margin:auto;background-color:#fff}svg{width:100%;height:100%}.bar{fill:#80cbc4}text{font-size:12px;fill:#000}path{stroke:#000;stroke:#4682b4;stroke-width:1;fill:none}.grid path{stroke-width:0}.grid .tick line{stroke:#bbc4c7;stroke-opacity:.3}text.divergence{font-size:14px;fill:#2f4a6d}text.value{font-size:14px}text.title{font-size:22px;font-weight:600}text.label{font-size:14px;font-weight:400}text.y-label-margin{margin-right:10px}text.source{font-size:10px}.d3-tip{line-height:1;font-weight:700;padding:12px;background:rgba(0,0,0,.8);color:#fff;border-radius:2px}.d3-tip:after{box-sizing:border-box;display:inline;font-size:10px;width:100%;line-height:1;color:rgba(0,0,0,.8);content:\"\\25BC\";position:absolute;text-align:center}.d3-tip.n:after{margin:-1px 0 0;top:100%;left:0}"]}]}],"members":{"chartContainer":[{"__symbolic":"property","decorators":[{"__symbolic":"call","expression":{"__symbolic":"reference","module":"@angular/core","name":"ViewChild","line":17,"character":3},"arguments":["chartContainerLine"]}]}],"data":[{"__symbolic":"property","decorators":[{"__symbolic":"call","expression":{"__symbolic":"reference","module":"@angular/core","name":"Input","line":18,"character":3}}]}],"__ctor__":[{"__symbolic":"constructor"}],"ngOnInit":[{"__symbolic":"method"}],"ngAfterViewInit":[{"__symbolic":"method"}],"createId":[{"__symbolic":"method"}],"generateChart":[{"__symbolic":"method"}],"clearChart":[{"__symbolic":"method"}],"getMinMaxValue":[{"__symbolic":"method"}],"setMargin":[{"__symbolic":"method"}],"setLeftMargin":[{"__symbolic":"method"}],"setHeight":[{"__symbolic":"method"}],"generateLineChart":[{"__symbolic":"method"}],"addToolTip":[{"__symbolic":"method"}],"convertData":[{"__symbolic":"method"}]}},"ɵd":{"__symbolic":"class","extends":{"__symbolic":"reference","name":"ɵb"},"decorators":[{"__symbolic":"call","expression":{"__symbolic":"reference","module":"@angular/core","name":"Component","line":4,"character":1},"arguments":[{"selector":"ndi-combined-bar-line-chart","template":"<div [id]=\"chartId\" #chartContainer class=\"chart-wrapper\"></div>","styles":[""]}]}],"members":{"__ctor__":[{"__symbolic":"constructor"}],"draw":[{"__symbolic":"method"}]}},"ɵe":{"__symbolic":"class","decorators":[{"__symbolic":"call","expression":{"__symbolic":"reference","module":"@angular/core","name":"Component","line":9,"character":1},"arguments":[{"selector":"ndi-waterfall-chart","encapsulation":{"__symbolic":"select","expression":{"__symbolic":"reference","module":"@angular/core","name":"ViewEncapsulation","line":11,"character":17},"member":"None"},"template":"<div [id]=\"chartId\" #chartContainer class=\"chart-wrapper\">\r\n    ","styles":[".legends{font-size:10px;font-weight:600;text-anchor:end}body{font-family:sans-serif;font-size:12px;font-weight:400}.bar text{text-anchor:middle;fill:#fff;font:12px sans-serif;text-anchor:middle}.bubble{font-weight:700}.ellipse{fill:none;stroke:#000;stroke-width:2}.bar.total rect{fill:#4682b4}.bar.positive rect{fill:#556b2f}.bar.negative rect{fill:#dc143c}.axis text{font:10px sans-serif}div.tooltip{height:16px;pointer-events:none;position:absolute;text-align:center;padding:2px;font:12px sans-serif;background:#3c0;border:0;border-radius:8px;pointer-events:none;width:90px}.bar line.connector{stroke:grey;stroke-dasharray:3}.axis line,.axis path{fill:none;stroke:#000;shape-rendering:crispEdges}"]}]}],"members":{"chartContainer":[{"__symbolic":"property","decorators":[{"__symbolic":"call","expression":{"__symbolic":"reference","module":"@angular/core","name":"ViewChild","line":16,"character":3},"arguments":["chartContainer"]}]}],"data":[{"__symbolic":"property","decorators":[{"__symbolic":"call","expression":{"__symbolic":"reference","module":"@angular/core","name":"Input","line":17,"character":3}}]}],"__ctor__":[{"__symbolic":"constructor"}],"ngOnInit":[{"__symbolic":"method"}],"ngAfterViewInit":[{"__symbolic":"method"}],"createId":[{"__symbolic":"method"}],"ngOnChanges":[{"__symbolic":"method"}],"generateChart":[{"__symbolic":"method"}],"clearChart":[{"__symbolic":"method"}],"getMinMaxValueAndCount":[{"__symbolic":"method"}],"setMargin":[{"__symbolic":"method"}],"setLeftMargin":[{"__symbolic":"method"}],"setHeight":[{"__symbolic":"method"}],"generateWaterfallChart":[{"__symbolic":"method"}],"createLegends":[{"__symbolic":"method"}],"addMainTitle":[{"__symbolic":"method"}],"addXAxisTitle":[{"__symbolic":"method"}],"addYAxisTitle":[{"__symbolic":"method"}],"convertData":[{"__symbolic":"method"}],"getKeys":[{"__symbolic":"method"}],"addToolTip":[{"__symbolic":"method"}]}},"ɵf":{"__symbolic":"class","extends":{"__symbolic":"reference","name":"ɵb"},"decorators":[{"__symbolic":"call","expression":{"__symbolic":"reference","module":"@angular/core","name":"Component","line":6,"character":1},"arguments":[{"selector":"ndi-stacked-bar-chart","template":"<div [id]=\"chartId\" #chartContainer class=\"chart-wrapper\"></div>","styles":[""]}]}],"members":{"__ctor__":[{"__symbolic":"constructor"}],"getMinMaxValueAndCount":[{"__symbolic":"method"}],"convertDataInGroup":[{"__symbolic":"method"}],"draw":[{"__symbolic":"method"}],"convertToStack":[{"__symbolic":"method"}]}},"ɵg":{"__symbolic":"class","extends":{"__symbolic":"reference","name":"ɵb"},"decorators":[{"__symbolic":"call","expression":{"__symbolic":"reference","module":"@angular/core","name":"Component","line":5,"character":1},"arguments":[{"selector":"ndi-dual-axes-bar-line-chart","template":"<div [id]=\"chartId\" #chartContainer class=\"chart-wrapper\"></div>","styles":[""]}]}],"members":{"__ctor__":[{"__symbolic":"constructor"}],"draw":[{"__symbolic":"method"}]}}},"origins":{"NdiChartMakerModule":"./lib/ndi-chart-maker.module","NdiChartComponent":"./lib/ndi-chart/ndi-chart.component","ɵa":"./lib/chart-components/bar-chart/bar-chart.component","ɵb":"./lib/chart-components/common-chart/common-chart.component","ɵc":"./lib/chart-components/line-chart/line-chart.component","ɵd":"./lib/chart-components/combined-bar-line-chart/combined-bar-line-chart.component","ɵe":"./lib/chart-components/waterfall-chart/waterfall-chart.component","ɵf":"./lib/chart-components/stacked-bar-chart/stacked-bar-chart.component","ɵg":"./lib/chart-components/dual-axes-bar-line-chart/dual-axes-bar-line-chart.component"},"importAs":"ndi-chart-maker"}